date,day,trade_num,entry_time,exit_time,direction,entry_strike,entry_offset,entry_atm_call_L,entry_atm_put_L,entry_atm_diff_L,entry_atm_lower,entry_outer_call_L,entry_outer_put_L,entry_outer_diff_L,entry_outer_lower,atm_ratio,open_ref,entry_spot,spot_vs_open,entry_premium,exit_premium,pnl_per_lot,exit_reason,duration_min,exit_atm_strike,exit_atm_call_L,exit_atm_put_L,exit_atm_diff_L,exit_atm_lower,exit_outer_call_L,exit_outer_put_L,exit_outer_diff_L,exit_outer_lower
2026-01-02,Fri,1,11:22,11:31,CALL,26350.0,ATM+2,102.7,157.6,55.0,CALL,242.1,445.2,203.1,CALL,1.54,26171.5,26260.8,89.3,42.8,49.6,510.0,OI_EXIT_DIR_FLIP,9,26300.0,148.6,128.9,19.6,PUT,201.4,466.8,265.4,CALL
2026-01-02,Fri,2,13:29,15:11,CALL,26400.0,ATM+2,153.5,232.2,78.7,CALL,220.5,477.0,256.5,CALL,1.51,26171.5,26302.5,131.0,31.9,38.6,502.5,OI_EXIT_DIR_FLIP,102,26350.0,92.6,48.3,44.3,PUT,164.9,335.0,170.1,CALL
2026-01-05,Mon,1,09:20,09:22,CALL,26400.0,ATM+2,111.3,184.7,73.4,CALL,206.4,292.9,86.4,CALL,1.66,26327.6,26321.2,-6.4,32.8,29.7,-232.5,OI_EXIT_DIR_FLIP,2,26350.0,138.6,86.6,52.0,PUT,179.5,324.7,145.3,CALL
2026-01-05,Mon,2,11:23,11:29,CALL,26400.0,ATM+2,123.0,313.7,190.6,CALL,377.4,421.2,43.8,CALL,2.55,26327.6,26323.8,-3.8,25.3,27.85,191.25,OI_EXIT_ATM_FELL,6,26350.0,189.7,172.6,17.1,PUT,288.0,472.1,184.1,CALL
2026-01-05,Mon,3,14:11,14:21,PUT,26150.0,ATM-2,183.5,111.5,72.0,PUT,498.1,311.7,186.4,PUT,1.65,26327.6,26227.8,-99.8,31.1,31.3,15.0,OI_EXIT_DIR_FLIP,10,26200.0,143.1,215.2,72.2,CALL,502.9,261.0,241.9,PUT
2026-01-07,Wed,1,10:22,10:36,CALL,26250.0,ATM+2,56.0,104.3,48.3,CALL,164.8,186.2,21.5,CALL,1.86,26111.7,26161.2,49.5,79.45,62.65,-1260.0,SL_HIT,14,26150.0,62.0,102.8,40.8,CALL,172.0,181.8,9.8,CALL
2026-01-07,Wed,2,15:01,15:15,PUT,26050.0,ATM-2,85.7,56.9,28.8,PUT,218.0,165.1,52.8,PUT,1.51,26111.7,26125.8,14.2,54.75,49.9,-363.75,OI_EXIT_ATM_FELL,14,26150.0,68.8,54.1,14.7,PUT,191.5,148.1,43.3,PUT
2026-01-09,Fri,1,09:52,10:52,CALL,25950.0,ATM+2,51.0,131.1,80.1,CALL,224.6,249.3,24.7,CALL,2.57,25898.0,25866.0,-32.0,73.75,56.85,-1267.5,SL_HIT,60,25850.0,63.1,133.7,70.6,CALL,261.9,258.6,3.4,PUT
2026-01-09,Fri,2,12:49,14:41,CALL,25750.0,ATM+2,16.8,64.7,48.0,CALL,159.3,180.9,21.6,CALL,3.86,25898.0,25673.5,-224.6,71.25,53.55,-1327.5,SL_HIT,112,25650.0,33.6,87.1,53.6,CALL,198.9,166.5,32.5,PUT
2026-01-12,Mon,1,09:24,09:50,CALL,25650.0,ATM+2,14.2,68.3,54.1,CALL,126.5,178.4,51.9,CALL,4.81,25657.5,25559.8,-97.7,58.55,59.3,56.25,OI_EXIT_ATM_FELL,26,25600.0,162.9,178.8,15.9,CALL,293.2,349.2,56.0,CALL
2026-01-12,Mon,2,09:57,10:46,CALL,25650.0,ATM+2,46.0,151.3,105.3,CALL,259.0,289.2,30.1,CALL,3.29,25657.5,25570.2,-87.3,53.85,37.0,-1263.75,SL_HIT,49,25550.0,67.7,165.3,97.5,CALL,316.1,311.4,4.7,PUT
2026-01-12,Mon,3,14:35,14:39,CALL,25800.0,ATM+2,107.4,187.7,80.4,CALL,285.5,323.2,37.7,CALL,1.75,25657.5,25716.7,59.2,40.9,50.55,723.75,OI_EXIT_DIR_FLIP,4,25750.0,109.6,78.0,31.6,PUT,303.9,297.5,6.4,PUT
2026-01-13,Tue,1,09:22,09:26,PUT,25750.0,ATM-2,168.2,74.9,93.3,PUT,402.7,233.8,168.9,PUT,2.25,25853.0,25835.6,-17.4,27.4,34.5,532.5,OI_EXIT_ATM_FELL,4,25800.0,162.7,165.4,2.6,CALL,499.0,258.0,240.9,PUT
2026-01-13,Tue,2,09:46,09:50,PUT,25700.0,ATM-2,276.7,99.7,177.0,PUT,549.4,292.0,257.3,PUT,2.77,25853.0,25778.0,-75.0,26.1,38.35,918.75,OI_EXIT_ATM_FELL,4,25750.0,128.7,125.4,3.2,PUT,494.9,290.1,204.8,PUT
2026-01-13,Tue,3,10:26,10:28,PUT,25700.0,ATM-2,312.2,116.2,196.0,PUT,595.1,401.0,194.1,PUT,2.69,25853.0,25782.1,-70.9,20.25,15.4,-363.75,SL_HIT,2,25800.0,308.1,124.5,183.6,PUT,586.2,399.9,186.3,PUT
2026-01-14,Wed,1,12:13,12:20,CALL,25850.0,ATM+2,46.2,70.3,24.1,CALL,132.1,177.2,45.1,CALL,1.52,25671.9,25748.7,76.8,88.05,93.0,371.25,OI_EXIT_ATM_FELL,7,25750.0,49.2,66.9,17.7,CALL,136.0,170.4,34.4,CALL
2026-01-14,Wed,2,14:43,15:01,PUT,25600.0,ATM-2,102.5,58.8,43.7,PUT,183.3,95.5,87.8,PUT,1.74,25671.9,25679.2,7.3,83.05,84.85,135.0,OI_EXIT_ATM_FELL,18,25650.0,32.3,40.6,8.3,CALL,141.5,84.4,57.1,PUT
2026-01-16,Fri,1,09:20,09:23,PUT,25650.0,ATM-2,70.1,37.1,33.0,PUT,163.5,127.1,36.4,PUT,1.89,25711.7,25728.7,17.0,69.25,74.45,390.0,OI_EXIT_ATM_FELL,3,25700.0,104.2,108.9,4.7,CALL,215.8,130.2,85.6,PUT
2026-01-16,Fri,2,09:28,09:31,PUT,25650.0,ATM-2,98.8,58.3,40.4,PUT,213.4,191.6,21.8,PUT,1.69,25711.7,25726.9,15.2,67.3,74.95,573.75,OI_EXIT_ATM_FELL,3,25700.0,129.3,134.5,5.2,CALL,271.1,155.8,115.3,PUT
2026-01-16,Fri,3,10:43,15:20,CALL,25950.0,ATM+2,56.1,86.1,30.0,CALL,160.6,303.8,143.2,CALL,1.54,25711.7,25841.6,129.9,75.75,75.75,0.0,HARD_EXIT,277,25700.0,105.1,106.4,1.3,CALL,253.4,134.8,118.6,PUT
2026-01-19,Mon,1,09:25,09:35,CALL,25650.0,ATM+2,42.9,113.7,70.9,CALL,177.3,212.3,35.0,CALL,2.65,25549.7,25570.7,21.0,48.6,53.0,330.0,OI_EXIT_DIR_FLIP,10,25600.0,158.6,137.0,21.7,PUT,235.4,287.7,52.3,CALL
2026-01-19,Mon,2,10:45,10:47,PUT,25450.0,ATM-2,141.6,93.2,48.3,PUT,362.2,282.3,79.9,PUT,1.52,25549.7,25525.8,-23.9,48.0,52.05,303.75,OI_EXIT_DIR_FLIP,2,25500.0,135.9,196.0,60.1,CALL,390.9,204.5,186.5,PUT
2026-01-20,Tue,1,10:08,10:13,PUT,25400.0,ATM-2,341.3,171.7,169.6,PUT,615.8,371.4,244.4,PUT,1.99,25558.0,25480.6,-77.5,23.65,25.05,105.0,OI_EXIT_DIR_FLIP,5,25450.0,121.7,193.8,72.1,CALL,601.6,364.7,236.9,PUT
2026-01-20,Tue,2,10:20,10:37,PUT,25400.0,ATM-2,356.2,196.0,160.2,PUT,637.8,432.7,205.1,PUT,1.82,25558.0,25485.6,-72.5,20.5,15.15,-401.25,SL_HIT,17,25500.0,369.4,217.3,152.1,PUT,642.6,484.1,158.5,PUT
2026-01-21,Wed,1,09:28,12:40,CALL,25350.0,ATM+2,30.3,51.2,21.0,CALL,84.0,152.0,68.0,CALL,1.69,25171.8,25225.3,53.6,120.65,122.4,131.25,OI_EXIT_DIR_FLIP,192,25250.0,39.8,19.3,20.6,PUT,123.8,97.9,25.9,PUT
2026-01-21,Wed,2,14:29,14:31,CALL,25200.0,ATM+2,33.7,75.3,41.6,CALL,89.6,152.0,62.4,CALL,2.23,25171.8,25120.8,-50.9,130.0,137.05,528.75,OI_EXIT_BOTH_FELL,2,25150.0,25.4,41.2,15.8,CALL,96.6,107.0,10.4,CALL
2026-01-22,Thu,1,09:27,09:38,PUT,25300.0,ATM-2,72.4,30.3,42.1,PUT,157.1,109.0,48.1,PUT,2.39,25332.5,25386.3,53.8,88.3,101.65,1001.25,OI_EXIT_ATM_FELL,11,25400.0,70.8,55.5,15.2,PUT,150.5,125.2,25.3,PUT
2026-01-22,Thu,2,09:48,09:52,PUT,25350.0,ATM-2,38.8,19.7,19.1,PUT,142.5,115.9,26.6,PUT,1.97,25332.5,25429.1,96.6,99.3,108.2,667.5,OI_EXIT_BOTH_FELL,4,25400.0,71.2,75.5,4.3,CALL,154.5,143.9,10.7,PUT
2026-01-22,Thu,3,10:30,10:38,CALL,25350.0,ATM+2,13.0,36.0,23.0,CALL,86.2,117.3,31.2,CALL,2.77,25332.5,25273.2,-59.2,114.55,123.8,693.75,OI_EXIT_ATM_FELL,8,25300.0,66.7,80.6,13.9,CALL,147.5,113.5,34.1,PUT
2026-01-23,Fri,1,13:32,14:16,CALL,25150.0,ATM+2,10.8,44.4,33.6,CALL,108.4,154.8,46.5,CALL,4.11,25292.2,25072.1,-220.1,90.55,89.7,-63.75,OI_EXIT_DIR_FLIP,44,25100.0,116.4,97.1,19.3,PUT,229.8,221.5,8.3,PUT
2026-01-27,Tue,1,09:43,09:56,PUT,25050.0,ATM-2,77.9,29.1,48.8,PUT,234.9,176.4,58.6,PUT,2.67,25113.0,25141.5,28.5,44.65,53.1,633.75,OI_EXIT_DIR_FLIP,13,25100.0,109.0,146.4,37.4,CALL,252.2,327.0,74.8,CALL
2026-01-27,Tue,2,10:19,10:21,PUT,25100.0,ATM-2,178.7,75.7,103.0,PUT,287.9,249.0,38.9,PUT,2.36,25113.0,25176.6,63.5,41.95,43.35,105.0,OI_EXIT_BOTH_FELL,2,25150.0,95.3,84.5,10.7,PUT,278.3,260.3,18.0,PUT
2026-01-27,Tue,3,10:29,10:40,CALL,25200.0,ATM+2,90.3,177.8,87.6,CALL,276.2,377.8,101.5,CALL,1.97,25113.0,25117.7,4.7,44.95,34.15,-810.0,SL_HIT,11,25100.0,108.3,170.8,62.5,CALL,303.2,367.7,64.5,CALL
2026-01-29,Thu,1,10:58,11:05,PUT,25150.0,ATM-2,44.2,25.4,18.8,PUT,126.8,80.1,46.7,PUT,1.74,25264.0,25236.0,-28.0,158.85,154.9,-296.25,OI_EXIT_ATM_FELL,7,25250.0,43.5,27.0,16.6,PUT,124.8,80.6,44.3,PUT
2026-02-01,Sun,1,11:10,11:40,PUT,25350.0,ATM-2,34.9,11.4,23.5,PUT,131.1,102.6,28.5,PUT,3.06,25279.0,25430.6,151.6,161.3,188.35,2028.75,OI_EXIT_BOTH_FELL,30,25350.0,46.3,55.9,9.5,CALL,137.3,139.2,2.0,CALL
2026-02-01,Sun,2,12:07,12:12,PUT,25250.0,ATM-2,66.6,42.9,23.7,PUT,160.7,129.7,31.0,PUT,1.55,25279.0,25336.1,57.1,128.5,189.0,4537.5,OI_EXIT_DIR_FLIP,5,25200.0,28.4,63.0,34.6,CALL,139.9,82.6,57.4,PUT
2026-02-01,Sun,3,12:19,13:01,CALL,25200.0,ATM+2,12.8,45.8,33.0,CALL,63.3,127.7,64.4,CALL,3.58,25279.0,25084.7,-194.3,138.1,133.65,-333.75,OI_EXIT_ATM_FELL,42,25100.0,39.5,29.0,10.5,PUT,82.1,110.5,28.4,CALL
2026-02-02,Mon,1,09:30,09:35,PUT,24800.0,ATM-2,53.5,33.1,20.4,PUT,155.0,128.1,26.9,PUT,1.62,24772.3,24879.8,107.5,133.0,141.75,656.25,OI_EXIT_ATM_FELL,5,24850.0,31.4,40.3,8.9,CALL,88.1,154.2,66.1,CALL
2026-02-02,Mon,2,09:52,09:58,PUT,24850.0,ATM-2,36.7,17.0,19.7,PUT,177.8,120.4,57.3,PUT,2.16,24772.3,24925.8,153.5,123.1,145.85,1706.25,OI_EXIT_DIR_FLIP,6,24850.0,34.8,58.4,23.6,CALL,120.2,185.6,65.4,CALL
2026-02-02,Mon,3,10:03,10:12,CALL,24950.0,ATM+2,38.1,66.5,28.4,CALL,118.8,196.6,77.8,CALL,1.74,24772.3,24837.2,64.9,84.75,81.15,-270.0,OI_EXIT_ATM_FELL,9,24850.0,49.8,63.9,14.1,CALL,135.2,205.0,69.9,CALL
2026-02-03,Tue,1,09:24,09:34,PUT,25700.0,ATM-2,104.1,52.8,51.3,PUT,90.6,59.8,30.9,PUT,1.97,25784.5,25809.0,24.5,96.05,101.45,405.0,OI_EXIT_ATM_FELL,10,25750.0,38.4,53.5,15.0,CALL,207.2,95.7,111.5,PUT
2026-02-03,Tue,2,09:49,09:53,PUT,25700.0,ATM-2,173.4,73.5,100.0,PUT,153.0,129.5,23.5,PUT,2.36,25784.5,25776.4,-8.0,80.85,87.85,525.0,OI_EXIT_ATM_FELL,4,25750.0,68.2,60.1,8.0,PUT,245.0,124.9,120.1,PUT
2026-02-03,Tue,3,10:16,10:23,PUT,25650.0,ATM-2,84.8,45.2,39.6,PUT,270.4,153.4,117.0,PUT,1.88,25784.5,25733.0,-51.5,69.9,60.45,-708.75,OI_EXIT_ATM_FELL,7,25750.0,83.4,68.1,15.3,PUT,257.5,167.7,89.7,PUT
2026-02-05,Thu,1,10:20,10:30,PUT,25600.0,ATM-2,114.2,74.4,39.8,PUT,199.8,107.5,92.3,PUT,1.54,25723.5,25683.5,-40.0,100.95,102.9,146.25,OI_EXIT_ATM_FELL,10,25650.0,33.7,44.5,10.8,CALL,167.8,90.2,77.6,PUT
2026-02-05,Thu,2,11:43,11:45,PUT,25600.0,ATM-2,113.2,75.2,38.0,PUT,199.9,118.3,81.6,PUT,1.51,25723.5,25678.6,-44.9,98.4,102.95,341.25,OI_EXIT_ATM_FELL,2,25650.0,46.8,49.3,2.5,CALL,180.1,97.7,82.4,PUT
2026-02-05,Thu,3,14:34,14:41,PUT,25550.0,ATM-2,61.2,32.1,29.1,PUT,200.7,92.6,108.0,PUT,1.91,25723.5,25626.7,-96.8,93.0,94.35,101.25,OI_EXIT_ATM_FELL,7,25600.0,59.2,67.5,8.3,CALL,181.3,101.4,79.9,PUT
2026-02-06,Fri,1,11:00,11:08,PUT,25450.0,ATM-2,98.7,60.4,38.3,PUT,295.0,187.5,107.5,PUT,1.64,25602.5,25531.0,-71.4,73.55,66.5,-528.75,OI_EXIT_ATM_FELL,8,25550.0,92.6,75.2,17.4,PUT,288.6,212.7,75.9,PUT
2026-02-06,Fri,2,11:14,11:16,PUT,25500.0,ATM-2,173.4,92.1,81.4,PUT,274.3,254.1,20.3,PUT,1.88,25602.5,25576.4,-26.0,77.05,81.5,333.75,OI_EXIT_ATM_FELL,2,25550.0,75.0,91.7,16.7,CALL,269.0,226.2,42.8,PUT
2026-02-06,Fri,3,12:04,12:21,CALL,25700.0,ATM+2,114.8,174.9,60.1,CALL,235.8,324.9,89.1,CALL,1.52,25602.5,25621.2,18.8,78.85,61.6,-1293.75,SL_HIT,17,25600.0,134.3,164.5,30.2,CALL,237.7,300.4,62.7,CALL
2026-02-09,Mon,1,09:20,10:02,PUT,25700.0,ATM-2,135.5,80.6,54.8,PUT,194.0,113.7,80.3,PUT,1.68,25832.7,25811.9,-20.8,40.9,32.65,-618.75,SL_HIT,42,25800.0,232.6,191.5,41.1,PUT,324.7,221.7,103.0,PUT
2026-02-11,Wed,1,12:55,13:01,PUT,25850.0,ATM-2,92.0,60.5,31.4,PUT,252.7,129.6,123.2,PUT,1.52,25976.0,25925.7,-50.4,80.7,81.5,60.0,OI_EXIT_ATM_FELL,6,25900.0,79.7,92.6,12.9,CALL,286.2,95.4,190.8,PUT
2026-02-12,Thu,1,12:09,12:54,PUT,25750.0,ATM-2,86.0,56.2,29.7,PUT,234.0,113.7,120.3,PUT,1.53,25877.0,25828.0,-49.0,67.3,56.7,-795.0,OI_EXIT_ATM_FELL,45,25850.0,79.4,62.1,17.2,PUT,220.7,127.3,93.3,PUT
2026-02-12,Thu,2,13:27,13:29,PUT,25800.0,ATM-2,136.0,72.2,63.8,PUT,246.7,157.1,89.5,PUT,1.88,25877.0,25876.8,-0.2,65.85,69.55,277.5,OI_EXIT_ATM_FELL,2,25850.0,66.9,65.7,1.2,PUT,202.5,130.0,72.5,PUT
2026-02-12,Thu,3,15:03,15:06,PUT,25750.0,ATM-2,83.2,36.0,47.2,PUT,219.4,100.1,119.2,PUT,2.31,25877.0,25839.0,-38.0,67.9,76.15,618.75,OI_EXIT_ATM_FELL,3,25800.0,81.8,72.7,9.1,PUT,207.3,79.1,128.2,PUT
2026-02-13,Fri,1,13:57,14:00,PUT,25450.0,ATM-2,98.5,60.7,37.8,PUT,294.8,183.2,111.6,PUT,1.62,25588.7,25526.3,-62.4,63.75,65.25,112.5,OI_EXIT_DIR_FLIP,3,25500.0,107.0,140.8,33.9,CALL,306.3,128.6,177.7,PUT
2026-02-13,Fri,2,14:05,14:09,PUT,25450.0,ATM-2,98.6,64.3,34.3,PUT,295.7,188.6,107.1,PUT,1.53,25588.7,25534.0,-54.7,59.7,65.5,435.0,OI_EXIT_DIR_FLIP,4,25500.0,105.4,143.0,37.5,CALL,308.2,133.1,175.1,PUT
2026-02-13,Fri,3,14:14,14:22,PUT,25450.0,ATM-2,99.2,65.7,33.5,PUT,294.6,186.2,108.4,PUT,1.51,25588.7,25535.0,-53.7,60.15,64.4,318.75,OI_EXIT_DIR_FLIP,8,25500.0,106.0,144.6,38.6,CALL,302.6,137.9,164.8,PUT
2026-02-16,Mon,1,10:26,10:32,CALL,25600.0,ATM+2,135.7,239.0,103.3,CALL,273.8,355.5,81.7,CALL,1.76,25428.7,25523.8,95.0,58.55,59.05,37.5,OI_EXIT_ATM_FELL,6,25550.0,110.0,96.7,13.3,PUT,263.4,381.8,118.4,CALL
2026-02-16,Mon,2,10:38,10:40,CALL,25600.0,ATM+2,146.6,232.1,85.4,CALL,307.6,355.8,48.2,CALL,1.58,25428.7,25524.2,95.5,56.65,60.55,292.5,OI_EXIT_ATM_FELL,2,25550.0,114.2,97.8,16.4,PUT,273.8,382.0,108.2,CALL
2026-02-16,Mon,3,10:46,11:05,CALL,25600.0,ATM+2,142.9,244.3,101.4,CALL,305.6,364.3,58.6,CALL,1.71,25428.7,25524.2,95.5,57.35,57.15,-15.0,OI_EXIT_DIR_FLIP,19,25550.0,122.7,92.0,30.7,PUT,288.3,395.4,107.2,CALL
2026-02-18,Wed,1,10:35,10:39,PUT,25600.0,ATM-2,151.1,91.9,59.2,PUT,214.0,124.2,89.8,PUT,1.64,25713.6,25677.8,-35.8,96.7,107.1,780.0,OI_EXIT_ATM_FELL,4,25650.0,45.0,45.8,0.7,CALL,249.5,101.4,148.1,PUT
2026-02-18,Wed,2,10:47,11:08,PUT,25600.0,ATM-2,153.9,99.4,54.5,PUT,213.8,128.6,85.2,PUT,1.55,25713.6,25679.5,-34.0,98.4,86.8,-870.0,OI_EXIT_ATM_FELL,21,25700.0,128.9,112.2,16.7,PUT,205.2,132.5,72.6,PUT
2026-02-19,Thu,1,10:52,11:14,PUT,25650.0,ATM-2,70.7,44.2,26.5,PUT,252.1,124.1,128.0,PUT,1.6,25846.2,25734.1,-112.1,92.5,95.25,206.25,OI_EXIT_ATM_FELL,22,25700.0,87.3,95.0,7.7,CALL,244.8,103.6,141.3,PUT
2026-02-19,Thu,2,13:09,13:12,PUT,25550.0,ATM-2,50.0,22.7,27.3,PUT,213.5,101.9,111.6,PUT,2.2,25846.2,25628.0,-218.2,101.2,108.55,551.25,OI_EXIT_ATM_FELL,3,25600.0,87.6,73.4,14.1,PUT,183.5,111.5,71.9,PUT
2026-02-19,Thu,3,13:21,13:27,PUT,25550.0,ATM-2,48.0,24.3,23.7,PUT,208.6,104.8,103.8,PUT,1.97,25846.2,25626.4,-219.8,106.2,109.4,240.0,OI_EXIT_ATM_FELL,6,25600.0,86.0,76.5,9.5,PUT,184.5,113.9,70.6,PUT
2026-02-20,Fri,1,09:36,09:38,PUT,25400.0,ATM-2,145.1,89.7,55.4,PUT,204.0,183.1,21.0,PUT,1.62,25465.8,25475.5,9.7,92.65,98.75,457.5,OI_EXIT_BOTH_FELL,2,25450.0,60.8,68.4,7.6,CALL,205.5,187.6,17.9,PUT
2026-02-20,Fri,2,12:17,12:27,PUT,25550.0,ATM-2,71.2,28.7,42.5,PUT,216.7,181.5,35.1,PUT,2.48,25465.8,25625.1,159.2,92.5,81.05,-858.75,OI_EXIT_BOTH_FELL,10,25650.0,60.1,42.8,17.3,PUT,199.4,194.1,5.3,PUT
2026-02-20,Fri,3,13:07,13:30,CALL,25650.0,ATM+2,33.6,69.8,36.2,CALL,185.1,235.4,50.3,CALL,2.08,25465.8,25571.8,106.0,99.5,100.1,45.0,OI_EXIT_DIR_FLIP,23,25600.0,127.0,101.0,26.0,PUT,214.4,224.0,9.6,CALL
2026-02-23,Mon,1,09:20,09:53,PUT,25600.0,ATM-2,124.2,67.9,56.2,PUT,194.2,163.3,30.9,PUT,1.83,25634.4,25721.6,87.2,56.4,58.35,146.25,OI_EXIT_DIR_FLIP,33,25700.0,122.2,170.1,47.9,CALL,284.8,219.5,65.3,PUT
2026-02-23,Mon,2,11:01,11:07,PUT,25600.0,ATM-2,209.4,136.5,72.9,PUT,357.9,230.1,127.8,PUT,1.53,25634.4,25679.8,45.4,64.55,74.9,776.25,OI_EXIT_DIR_FLIP,6,25650.0,73.4,99.1,25.6,CALL,347.4,199.9,147.5,PUT
2026-02-23,Mon,3,11:12,11:22,PUT,25600.0,ATM-2,209.1,136.2,72.8,PUT,352.4,230.8,121.6,PUT,1.53,25634.4,25675.6,41.2,65.85,69.45,270.0,OI_EXIT_DIR_FLIP,10,25650.0,72.8,103.2,30.4,CALL,345.1,209.1,136.0,PUT
2026-02-24,Tue,1,09:20,09:25,CALL,25650.0,ATM+2,27.5,95.3,67.8,CALL,200.2,262.1,61.9,CALL,3.46,25592.9,25572.5,-20.4,32.55,25.75,-510.0,SL_HIT,5,25550.0,75.6,126.3,50.7,CALL,329.4,300.2,29.2,PUT
2026-02-24,Tue,2,09:47,09:51,PUT,25450.0,ATM-2,162.4,87.6,74.7,PUT,473.8,293.1,180.6,PUT,1.85,25592.9,25525.8,-67.2,34.85,40.9,453.75,OI_EXIT_DIR_FLIP,4,25500.0,169.4,216.3,46.9,CALL,469.3,270.5,198.7,PUT
2026-02-24,Tue,3,10:08,10:10,PUT,25450.0,ATM-2,183.0,107.5,75.4,PUT,517.3,386.5,130.8,PUT,1.7,25592.9,25530.0,-62.9,27.85,34.4,491.25,OI_EXIT_DIR_FLIP,2,25500.0,187.1,263.5,76.4,CALL,517.3,325.0,192.3,PUT
2026-02-25,Wed,1,10:44,12:02,CALL,25700.0,ATM+2,66.2,124.8,58.5,CALL,127.9,181.8,53.9,CALL,1.88,25547.0,25619.0,72.0,120.85,101.9,-1421.25,OI_EXIT_BOTH_FELL,78,25600.0,98.3,109.8,11.5,CALL,169.7,171.9,2.2,CALL
2026-02-25,Wed,2,13:19,13:22,PUT,25400.0,ATM-2,119.1,79.2,39.9,PUT,185.8,110.1,75.7,PUT,1.5,25547.0,25478.5,-68.5,108.1,112.95,363.75,OI_EXIT_ATM_FELL,3,25450.0,27.9,44.6,16.7,CALL,176.6,92.2,84.4,PUT
2026-02-25,Wed,3,13:37,13:39,PUT,25400.0,ATM-2,121.1,76.6,44.5,PUT,188.9,115.4,73.5,PUT,1.58,25547.0,25475.8,-71.2,108.2,114.65,483.75,OI_EXIT_ATM_FELL,2,25450.0,31.6,48.7,17.1,CALL,178.7,96.3,82.4,PUT
2026-02-26,Thu,1,09:20,09:22,PUT,25450.0,ATM-2,51.3,24.0,27.2,PUT,157.6,103.2,54.4,PUT,2.13,25565.7,25532.2,-33.5,85.9,97.95,903.75,OI_EXIT_ATM_FELL,2,25500.0,87.5,82.8,4.7,PUT,166.2,92.4,73.8,PUT
2026-02-26,Thu,2,09:36,09:50,PUT,25450.0,ATM-2,69.1,38.8,30.3,PUT,183.4,155.0,28.4,PUT,1.78,25565.7,25531.6,-34.1,88.3,79.1,-690.0,OI_EXIT_BOTH_FELL,14,25550.0,68.1,51.0,17.1,PUT,183.7,171.3,12.4,PUT
2026-02-26,Thu,3,10:01,10:11,PUT,25450.0,ATM-2,73.4,45.7,27.8,PUT,189.4,166.1,23.3,PUT,1.61,25565.7,25531.7,-34.0,86.35,75.7,-798.75,OI_EXIT_BOTH_FELL,10,25550.0,66.6,52.2,14.4,PUT,176.5,176.9,0.4,CALL
2026-02-27,Fri,1,10:25,10:27,PUT,25250.0,ATM-2,99.8,60.7,39.2,PUT,311.8,157.2,154.6,PUT,1.65,25400.2,25326.2,-74.0,78.05,84.1,453.75,OI_EXIT_ATM_FELL,2,25300.0,101.6,105.7,4.1,CALL,299.8,130.7,169.1,PUT
2026-02-27,Fri,2,10:32,10:42,PUT,25250.0,ATM-2,106.9,69.9,37.0,PUT,316.4,181.0,135.3,PUT,1.53,25400.2,25334.2,-66.0,72.5,77.1,345.0,OI_EXIT_DIR_FLIP,10,25300.0,102.8,134.5,31.7,CALL,312.6,152.0,160.5,PUT
2026-02-27,Fri,3,11:06,11:21,PUT,25250.0,ATM-2,121.4,75.7,45.7,PUT,323.7,198.8,124.9,PUT,1.6,25400.2,25325.2,-75.1,75.9,73.0,-217.5,OI_EXIT_DIR_FLIP,15,25300.0,110.6,151.1,40.5,CALL,326.8,161.7,165.2,PUT
2026-03-02,Mon,1,09:23,09:31,CALL,25000.0,ATM+2,45.0,119.3,74.3,CALL,98.6,207.3,108.7,CALL,2.65,24858.3,24885.6,27.2,52.95,59.1,461.25,OI_EXIT_ATM_FELL,8,24950.0,48.9,50.9,2.0,CALL,168.8,311.9,143.1,CALL
2026-03-02,Mon,2,09:43,09:49,CALL,25050.0,ATM+2,57.1,95.5,38.5,CALL,191.9,379.4,187.4,CALL,1.67,24858.3,24966.0,107.7,53.05,38.05,-1125.0,SL_HIT,6,24950.0,59.0,110.0,51.0,CALL,213.3,383.3,170.0,CALL
2026-03-02,Mon,3,09:54,09:58,CALL,25000.0,ATM+2,76.7,235.9,159.1,CALL,229.5,350.1,120.7,CALL,3.07,24858.3,24884.2,25.8,33.25,49.8,1241.25,OI_EXIT_ATM_FELL,4,24950.0,75.1,84.8,9.7,CALL,241.5,362.2,120.7,CALL
2026-03-05,Thu,1,13:37,13:48,CALL,24700.0,ATM+2,50.0,77.0,27.0,CALL,68.5,97.4,28.9,CALL,1.54,24580.1,24611.5,31.4,169.8,177.55,581.25,OI_EXIT_ATM_FELL,11,24650.0,29.2,28.3,0.9,PUT,55.6,100.4,44.8,CALL
2026-03-06,Fri,1,09:20,09:22,CALL,24700.0,ATM+2,39.7,74.7,35.0,CALL,58.2,81.8,23.6,CALL,1.88,24611.2,24622.4,11.2,172.35,177.05,352.5,OI_EXIT_ATM_FELL,2,24650.0,27.3,30.3,3.0,CALL,60.5,112.4,51.8,CALL
2026-03-09,Mon,1,11:46,11:59,CALL,24000.0,ATM+2,43.3,65.2,21.9,CALL,98.6,161.3,62.7,CALL,1.51,23909.1,23890.4,-18.7,154.9,147.35,-566.25,OI_EXIT_ATM_FELL,13,23900.0,50.8,68.6,17.8,CALL,106.6,160.1,53.5,CALL
2026-03-09,Mon,2,12:05,12:30,CALL,23950.0,ATM+2,22.4,47.5,25.2,CALL,84.9,173.1,88.2,CALL,2.12,23909.1,23874.0,-35.0,163.8,156.45,-551.25,OI_EXIT_ATM_FELL,25,23850.0,30.9,47.5,16.6,CALL,98.5,160.7,62.2,CALL
2026-03-09,Mon,3,12:35,12:46,CALL,23950.0,ATM+2,30.3,49.5,19.2,CALL,98.5,160.3,61.8,CALL,1.63,23909.1,23842.1,-67.0,147.55,172.45,1867.5,OI_EXIT_ATM_FELL,11,23900.0,64.9,54.3,10.6,PUT,109.3,153.7,44.4,CALL
2026-03-10,Tue,1,09:43,09:56,PUT,24050.0,ATM-2,134.9,61.4,73.5,PUT,336.9,144.2,192.8,PUT,2.2,24197.1,24128.3,-68.8,52.9,58.1,390.0,OI_EXIT_DIR_FLIP,13,24100.0,105.8,130.0,24.2,CALL,375.4,232.5,142.9,PUT
2026-03-10,Tue,2,10:02,10:22,PUT,24050.0,ATM-2,152.0,67.2,84.8,PUT,360.9,162.7,198.2,PUT,2.26,24197.1,24131.2,-65.9,48.15,35.95,-915.0,SL_HIT,20,24150.0,85.8,107.8,22.0,CALL,273.2,215.4,57.8,PUT
2026-03-10,Tue,3,11:48,11:56,CALL,24300.0,ATM+2,153.3,237.6,84.3,CALL,343.3,401.3,58.0,CALL,1.55,24197.1,24213.1,16.0,29.35,22.55,-510.0,SL_HIT,8,24200.0,198.1,211.1,12.9,CALL,405.3,350.7,54.6,PUT
2026-03-16,Mon,1,10:46,11:01,CALL,23150.0,ATM+2,22.8,41.8,18.9,CALL,96.1,142.9,46.8,CALL,1.83,23155.3,23052.5,-102.9,139.8,126.05,-1031.25,OI_EXIT_ATM_FELL,15,23050.0,26.8,29.0,2.2,CALL,94.6,137.9,43.3,CALL
2026-03-16,Mon,2,11:19,11:26,PUT,23100.0,ATM-2,82.3,46.4,35.9,PUT,128.4,90.0,38.5,PUT,1.77,23155.3,23187.8,32.4,135.25,144.25,675.0,OI_EXIT_BOTH_FELL,7,23150.0,27.6,35.7,8.1,CALL,116.2,105.3,10.8,PUT
2026-03-16,Mon,3,12:35,12:39,CALL,23200.0,ATM+2,30.5,77.6,47.1,CALL,119.7,174.6,54.8,CALL,2.55,23155.3,23116.7,-38.7,138.55,155.8,1293.75,OI_EXIT_BOTH_FELL,4,23150.0,36.1,53.4,17.4,CALL,124.3,116.5,7.8,PUT
2026-03-17,Tue,1,09:28,09:30,PUT,23300.0,ATM-2,164.3,95.7,68.6,PUT,318.5,171.4,147.1,PUT,1.72,23400.8,23377.5,-23.2,55.6,59.7,307.5,OI_EXIT_ATM_FELL,2,23350.0,52.7,68.1,15.4,CALL,267.1,155.1,112.0,PUT
2026-03-17,Tue,2,09:36,09:46,PUT,23350.0,ATM-2,97.0,34.6,62.4,PUT,267.0,197.3,69.7,PUT,2.8,23400.8,23432.8,32.1,52.6,40.95,-873.75,SL_HIT,10,23450.0,96.2,69.0,27.2,PUT,261.5,276.4,14.9,CALL
2026-03-17,Tue,3,10:29,10:33,CALL,23600.0,ATM+2,137.0,214.0,77.0,CALL,247.6,371.3,123.7,CALL,1.56,23400.8,23501.8,101.1,28.05,22.1,-446.25,SL_HIT,4,23500.0,151.6,175.6,24.0,CALL,253.5,342.2,88.7,CALL
2026-03-23,Mon,1,09:25,09:36,CALL,22800.0,ATM+2,39.8,63.6,23.8,CALL,50.5,82.6,32.1,CALL,1.6,22661.6,22703.0,41.4,166.9,183.65,1256.25,OI_EXIT_ATM_FELL,11,22750.0,22.8,19.6,3.2,PUT,50.2,115.4,65.1,CALL
2026-03-23,Mon,2,09:41,15:20,CALL,22800.0,ATM+2,48.2,88.2,40.0,CALL,64.5,94.8,30.3,CALL,1.83,22661.6,22707.5,45.9,165.75,165.75,0.0,HARD_EXIT,339,22500.0,41.0,73.9,32.8,CALL,59.8,56.0,3.8,PUT
2026-03-24,Tue,1,09:26,09:35,PUT,22750.0,ATM-2,79.1,34.4,44.7,PUT,160.1,138.0,22.1,PUT,2.3,22851.2,22838.4,-12.8,70.15,76.65,487.5,OI_EXIT_DIR_FLIP,9,22800.0,111.0,138.3,27.2,CALL,214.5,145.6,68.8,PUT
2026-03-24,Tue,2,10:16,10:23,PUT,22650.0,ATM-2,95.3,53.6,41.6,PUT,308.3,185.1,123.2,PUT,1.78,22851.2,22728.2,-123.0,60.2,46.6,-1020.0,SL_HIT,7,22750.0,94.3,63.6,30.7,PUT,303.1,205.2,97.9,PUT
2026-03-24,Tue,3,10:48,10:53,PUT,22600.0,ATM-2,142.3,87.2,55.0,PUT,292.0,185.6,106.4,PUT,1.63,22851.2,22721.2,-130.0,40.9,59.75,1413.75,OI_EXIT_DIR_FLIP,5,22650.0,47.6,73.5,25.9,CALL,219.9,172.6,47.3,PUT
2026-03-30,Mon,1,09:20,09:23,CALL,22600.0,ATM+2,61.9,128.5,66.6,CALL,57.0,111.9,54.9,CALL,2.08,22488.0,22508.2,20.2,66.15,84.1,1346.25,OI_EXIT_ATM_FELL,3,22550.0,32.4,42.8,10.4,CALL,73.4,230.9,157.5,CALL
2026-03-30,Mon,2,09:49,09:53,CALL,22750.0,ATM+2,32.5,54.7,22.1,CALL,109.2,190.6,81.4,CALL,1.68,22488.0,22630.5,142.5,65.05,62.85,-165.0,OI_EXIT_ATM_FELL,4,22650.0,38.8,53.5,14.7,CALL,120.3,190.2,69.9,CALL
2026-03-30,Mon,3,09:58,10:03,CALL,22700.0,ATM+2,50.7,119.6,69.0,CALL,122.2,341.4,219.2,CALL,2.36,22488.0,22602.0,114.0,65.1,93.75,2148.75,OI_EXIT_ATM_FELL,5,22650.0,45.7,53.0,7.3,CALL,123.1,208.6,85.5,CALL
2026-04-06,Mon,1,13:20,13:26,PUT,22800.0,ATM-2,49.2,20.3,28.9,PUT,117.1,72.7,44.5,PUT,2.42,22690.0,22878.2,188.2,156.05,156.1,3.75,OI_EXIT_BOTH_FELL,6,22850.0,26.1,25.3,0.8,PUT,69.2,86.2,17.0,CALL
2026-04-06,Mon,2,13:31,13:40,PUT,22800.0,ATM-2,49.8,28.6,21.2,PUT,114.2,82.1,32.1,PUT,1.74,22690.0,22886.2,196.2,150.65,155.2,341.25,OI_EXIT_BOTH_FELL,9,22850.0,26.5,29.1,2.6,CALL,77.5,91.9,14.4,CALL
2026-04-06,Mon,3,13:53,13:57,PUT,22800.0,ATM-2,60.7,33.0,27.7,PUT,125.0,92.6,32.4,PUT,1.84,22690.0,22878.2,188.2,154.6,156.8,165.0,OI_EXIT_BOTH_FELL,4,22850.0,30.7,31.1,0.3,CALL,83.9,95.5,11.6,CALL
2026-04-07,Tue,1,09:20,09:27,CALL,22850.0,ATM+2,40.6,69.8,29.2,CALL,97.0,152.9,55.9,CALL,1.72,22764.0,22770.3,6.3,58.75,116.65,4342.5,OI_EXIT_DIR_FLIP,7,22900.0,67.7,39.0,28.8,PUT,167.2,160.4,6.8,PUT
2026-04-07,Tue,2,09:43,09:47,CALL,22900.0,ATM+2,71.0,155.9,84.8,CALL,199.5,247.7,48.2,CALL,2.19,22764.0,22797.3,33.3,53.75,80.35,1995.0,OI_EXIT_ATM_FELL,4,22850.0,77.7,68.1,9.6,PUT,182.6,238.0,55.4,CALL
2026-04-07,Tue,3,10:15,10:28,PUT,22850.0,ATM-2,77.9,29.3,48.6,PUT,248.0,209.6,38.4,PUT,2.66,22764.0,22927.2,163.2,63.8,50.05,-1031.25,SL_HIT,13,22950.0,92.8,52.1,40.7,PUT,261.1,236.0,25.2,PUT
2026-04-10,Fri,1,09:28,09:49,PUT,23850.0,ATM-2,56.6,36.7,19.9,PUT,161.3,96.9,64.4,PUT,1.54,23893.2,23928.2,34.9,124.6,105.8,-1410.0,OI_EXIT_ATM_FELL,21,23950.0,58.7,53.8,4.9,PUT,162.8,126.5,36.3,PUT
2026-04-13,Mon,1,09:48,09:50,CALL,23700.0,ATM+2,135.6,216.8,81.2,CALL,203.0,363.8,160.7,CALL,1.6,23629.0,23621.8,-7.2,40.7,44.3,270.0,OI_EXIT_ATM_FELL,2,23650.0,94.1,80.2,13.9,PUT,185.5,359.4,173.9,CALL
2026-04-13,Mon,2,10:13,10:15,CALL,23750.0,ATM+2,90.6,139.7,49.1,CALL,221.7,435.4,213.7,CALL,1.54,23629.0,23668.2,39.1,34.6,27.2,-555.0,SL_HIT,2,23650.0,90.6,139.7,49.1,CALL,221.7,435.4,213.7,CALL
2026-04-13,Mon,3,12:54,12:56,CALL,23900.0,ATM+2,163.7,253.6,89.9,CALL,346.7,480.5,133.8,CALL,1.55,23629.0,23822.2,193.1,23.2,16.75,-483.75,SL_HIT,2,23800.0,162.9,264.7,101.8,CALL,332.8,490.8,157.9,CALL
2026-04-15,Wed,1,09:43,09:50,PUT,24100.0,ATM-2,63.4,31.6,31.8,PUT,73.4,34.0,39.4,PUT,2.01,24232.9,24208.6,-24.3,179.35,188.5,686.25,OI_EXIT_ATM_FELL,7,24200.0,59.1,41.8,17.3,PUT,73.2,40.3,32.9,PUT
2026-04-15,Wed,2,09:55,10:02,PUT,24100.0,ATM-2,65.0,43.0,22.0,PUT,77.2,41.9,35.3,PUT,1.51,24232.9,24221.7,-11.2,172.75,174.7,146.25,OI_EXIT_ATM_FELL,7,24200.0,65.3,48.0,17.4,PUT,78.2,44.9,33.3,PUT
2026-04-16,Thu,1,09:46,10:00,PUT,24250.0,ATM-2,42.9,21.2,21.7,PUT,92.6,57.0,35.6,PUT,2.02,24353.5,24328.0,-25.5,167.8,192.55,1856.25,OI_EXIT_ATM_FELL,14,24250.0,20.0,19.7,0.3,PUT,109.1,67.6,41.6,PUT
2026-04-16,Thu,2,10:05,11:09,PUT,24200.0,ATM-2,70.3,42.8,27.5,PUT,126.3,76.7,49.6,PUT,1.64,24353.5,24297.0,-56.5,156.6,138.65,-1346.25,OI_EXIT_ATM_FELL,64,24300.0,74.0,56.4,17.6,PUT,124.9,79.4,45.5,PUT
2026-04-16,Thu,3,12:10,12:17,PUT,24100.0,ATM-2,79.8,52.3,27.5,PUT,125.6,50.6,75.1,PUT,1.53,24353.5,24178.9,-174.6,166.2,175.05,663.75,OI_EXIT_ATM_FELL,7,24150.0,18.3,20.6,2.3,CALL,114.4,41.1,73.3,PUT
2026-04-20,Mon,1,13:08,13:30,CALL,24500.0,ATM+2,65.3,111.3,46.1,CALL,186.1,222.8,36.7,CALL,1.71,24294.3,24424.7,130.3,91.4,78.65,-956.25,OI_EXIT_BOTH_FELL,22,24400.0,88.8,90.1,1.3,CALL,182.1,201.1,19.0,CALL
2026-04-20,Mon,2,13:36,13:39,CALL,24450.0,ATM+2,39.4,79.7,40.3,CALL,162.3,192.3,30.0,CALL,2.02,24294.3,24370.8,76.5,90.85,92.95,157.5,OI_EXIT_ATM_FELL,3,24400.0,96.8,92.1,4.7,PUT,188.2,209.8,21.6,CALL
2026-04-20,Mon,3,13:52,13:54,CALL,24450.0,ATM+2,43.5,81.4,38.0,CALL,168.8,193.3,24.5,CALL,1.87,24294.3,24374.0,79.7,94.1,98.1,300.0,OI_EXIT_ATM_FELL,2,24400.0,99.3,95.3,4.0,PUT,190.6,211.9,21.2,CALL
2026-04-22,Wed,1,13:59,14:03,PUT,24350.0,ATM-2,41.9,23.6,18.3,PUT,133.4,96.7,36.7,PUT,1.77,24487.7,24449.5,-38.2,179.05,187.3,618.75,OI_EXIT_ATM_FELL,4,24450.0,42.3,25.4,16.9,PUT,133.7,96.7,37.0,PUT
